{"model_rgclDCRNN_ld256_oc256_lr0.01_dsdataset_6trajspp": {"linear_dim": 256, "out_channels": 256, "lr": 0.01, "rgcl": "DCRNN", "ds": "dataset_6trajspp", "epochs": 3, "bce": 0.15306682884693146, "best_threshold": 1.168503331427928e-05, "fscore": 0.03354281819917036, "auc": 0.01157458786585204, "nvd": 57.625282287597656, "iou": 55.65032196044922, "train_losses": [0.6839022040367126, 0.6218078136444092, 0.19044248759746552], "val_losses": [0.6238088607788086, 0.21128304302692413, 0.15180635452270508]}}